文献ID,题目,DOI,下载状态,本地路径,下载来源URL,备注
C001,Supportless 3D-printing of non-planar thin-walled structures with the multi-axis screw-extrusion additive manufacturing system,10.1016/j.matdes.2024.112860,失败,文献综述项目/03_全文PDF/C001_Supportless 3D-printing of non-planar thin-walled structures with the multi-axis screw-extrusion additive manufacturing .pdf,,未找到可直接下载PDF（可能需机构权限）
C002,Non-planar additive manufacturing with hydrogels: a review of flow control and toolpath strategies,10.1038/s44431-025-00006-5,成功,文献综述项目/03_全文PDF/C002_Non-planar additive manufacturing with hydrogels_ a review of flow control and toolpath strategies.pdf,https://www.nature.com/articles/s44431-025-00006-5.pdf?error=cookies_not_supported&code=5edec08b-20dc-4278-8c70-ad8e060b8ebc,
C003,Contact-Force-Based Closed-Loop Control of Multi-Axis Additive Manufacturing With Continuous-Fiber-Reinforced Polymer,10.1115/msec2025-155609,失败,文献综述项目/03_全文PDF/C003_Contact-Force-Based Closed-Loop Control of Multi-Axis Additive Manufacturing With Continuous-Fiber-Reinforced Polymer.pdf,,未找到可直接下载PDF（可能需机构权限）
C004,"Machine learning techniques in additive manufacturing: a state of the art review on design, processes and production control",10.1007/s10845-022-02029-5,成功,"文献综述项目/03_全文PDF/C004_Machine learning techniques in additive manufacturing_ a state of the art review on design, processes and production con.pdf",https://link.springer.com/content/pdf/10.1007/s10845-022-02029-5.pdf?error=cookies_not_supported&code=3bd2529e-7104-4513-8d1f-3cb99a6b1de3,
C005,Extrusion under material uncertainty with pressure-based closed-loop feedback control in robotic concrete additive manufacturing,10.1016/j.autcon.2025.106494,失败,文献综述项目/03_全文PDF/C005_Extrusion under material uncertainty with pressure-based closed-loop feedback control in robotic concrete additive manuf.pdf,,未找到可直接下载PDF（可能需机构权限）
C006,Invertible neural networks for real-time control of extrusion additive manufacturing,10.1016/j.addma.2023.103742,成功,文献综述项目/03_全文PDF/C006_Invertible neural networks for real-time control of extrusion additive manufacturing.pdf,https://www.osti.gov/servlets/purl/2317749,
C007,Force controlled printing for material extrusion additive manufacturing,10.1016/j.addma.2024.104297,失败,文献综述项目/03_全文PDF/C007_Force controlled printing for material extrusion additive manufacturing.pdf,,未找到可直接下载PDF（可能需机构权限）
C008,Optical Process Control for extrusion-based Additive Manufacturing methods in construction,10.22260/isarc2023/0015,失败,文献综述项目/03_全文PDF/C008_Optical Process Control for extrusion-based Additive Manufacturing methods in construction.pdf,,未找到可直接下载PDF（可能需机构权限）
C009,Mitigating domain shift in online process monitoring for material extrusion additive manufacturing via transfer learning,10.1016/j.addma.2024.104467,失败,文献综述项目/03_全文PDF/C009_Mitigating domain shift in online process monitoring for material extrusion additive manufacturing via transfer learning.pdf,,未找到可直接下载PDF（可能需机构权限）
C016,Aerial additive manufacturing with multiple autonomous robots,10.1038/s41586-022-04988-4,失败,文献综述项目/03_全文PDF/C016_Aerial additive manufacturing with multiple autonomous robots.pdf,,未找到可直接下载PDF（可能需机构权限）
C017,"Concrete 3D Printing: Process Parameters for Process Control, Monitoring and Diagnosis in Automation and Construction",10.3390/math11061499,失败,"文献综述项目/03_全文PDF/C017_Concrete 3D Printing_ Process Parameters for Process Control, Monitoring and Diagnosis in Automation and Construction.pdf",,未找到可直接下载PDF（可能需机构权限）
C018,Vision-based real-time monitoring of extrusion additive manufacturing processes for automatic manufacturing error detection,10.1007/s00170-021-07419-2,失败,文献综述项目/03_全文PDF/C018_Vision-based real-time monitoring of extrusion additive manufacturing processes for automatic manufacturing error detect.pdf,,未找到可直接下载PDF（可能需机构权限）
C019,Real-time process monitoring and error correction in material extrusion-based additive manufacturing via multi-output machine learning,10.1016/j.jmapro.2025.08.025,失败,文献综述项目/03_全文PDF/C019_Real-time process monitoring and error correction in material extrusion-based additive manufacturing via multi-output ma.pdf,,未找到可直接下载PDF（可能需机构权限）
C021,A layerwise monitoring methodology based on blue laser line profilometer for Material Extrusion processes,10.1007/s00170-023-11864-6,成功,文献综述项目/03_全文PDF/C021_A layerwise monitoring methodology based on blue laser line profilometer for Material Extrusion processes.pdf,https://link.springer.com/content/pdf/10.1007/s00170-023-11864-6.pdf?error=cookies_not_supported&code=93d3e74d-ba9a-40d6-92dc-b3ced6b20182,
C011,Stress flow guided non-planar print trajectory optimization for additive manufacturing of anisotropic polymers,10.1016/j.addma.2023.103628,失败,文献综述项目/03_全文PDF/C011_Stress flow guided non-planar print trajectory optimization for additive manufacturing of anisotropic polymers.pdf,,未找到可直接下载PDF（可能需机构权限）
C014,Stress Flow Guided Non-Planar Print Trajectory Optimization for Additive Manufacturing of Anisotropic Polymers,10.2139/ssrn.4341502,失败,文献综述项目/03_全文PDF/C014_Stress Flow Guided Non-Planar Print Trajectory Optimization for Additive Manufacturing of Anisotropic Polymers.pdf,,未找到可直接下载PDF（可能需机构权限）
C015,Self-support structure topology optimization for multi-axis additive manufacturing incorporated with curved layer slicing,10.1016/j.cma.2025.117841,失败,文献综述项目/03_全文PDF/C015_Self-support structure topology optimization for multi-axis additive manufacturing incorporated with curved layer slicin.pdf,,未找到可直接下载PDF（可能需机构权限）
C020,Strand width uniformly control for silicone extrusion additive manufacturing based on image processing,10.1007/s00170-021-08370-y,失败,文献综述项目/03_全文PDF/C020_Strand width uniformly control for silicone extrusion additive manufacturing based on image processing.pdf,,未找到可直接下载PDF（可能需机构权限）
C028,Additive manufacturing of structural materials,10.1016/j.mser.2020.100596,失败,文献综述项目/03_全文PDF/C028_Additive manufacturing of structural materials.pdf,,未找到可直接下载PDF（可能需机构权限）
C022,Characterization of Surface Topography Features for the Effect of Process Parameters and Their Correlation to Quality Monitoring in Metal Additive Manufacturing,10.3390/metrology2010005,失败,文献综述项目/03_全文PDF/C022_Characterization of Surface Topography Features for the Effect of Process Parameters and Their Correlation to Quality Mo.pdf,,未找到可直接下载PDF（可能需机构权限）
C027,Design for additive manufacturing: Framework and methodology,10.1016/j.cirp.2020.05.006,失败,文献综述项目/03_全文PDF/C027_Design for additive manufacturing_ Framework and methodology.pdf,,未找到可直接下载PDF（可能需机构权限）
C029,Machine learning in additive manufacturing: State-of-the-art and perspectives,10.1016/j.addma.2020.101538,失败,文献综述项目/03_全文PDF/C029_Machine learning in additive manufacturing_ State-of-the-art and perspectives.pdf,,未找到可直接下载PDF（可能需机构权限）
C034,Recent Advances in In Situ 3D Surface Topographical Monitoring for Additive Manufacturing Processes,10.3390/jmmp9040133,失败,文献综述项目/03_全文PDF/C034_Recent Advances in In Situ 3D Surface Topographical Monitoring for Additive Manufacturing Processes.pdf,,未找到可直接下载PDF（可能需机构权限）
C043,In-process density measurement for model-based process optimization of functionally graded foam microcellular structures in material extrusion additive manufacturing,10.1016/j.addma.2025.104817,失败,文献综述项目/03_全文PDF/C043_In-process density measurement for model-based process optimization of functionally graded foam microcellular structures.pdf,,未找到可直接下载PDF（可能需机构权限）
